person_id,name,phone,aadhar,address,city,state,location_id,ring_id
1,Arjun Mehta,+91-7613628803,251461507038,"127, Model Colony",Pune,Maharashtra,9,RING-ALPHA
2,Suresh Iyer,+91-8128466620,743158526982,"220, Model Colony",Pune,Maharashtra,10,RING-ALPHA
3,Deepak Rana,+91-8554762903,254608246768,"261, Sector 12",Mumbai,Maharashtra,11,RING-ALPHA
4,Vikram Oberoi,+91-7202363285,223957493142,"79, Station Road",Hyderabad,Telangana,6,RING-ALPHA
5,Manisha Kulkarni,+91-8813163240,171281034036,"198, Sector 12",Bengaluru,Karnataka,18,RING-ALPHA
6,Ashok Bhandari,+91-9010258946,377150435753,"284, MG Road",New Delhi,Delhi,16,RING-ALPHA
7,Rajat Verma,+91-9752909971,221720126831,"151, Sector 12",Bhopal,Madhya Pradesh,30,
8,Priya Dutta,+91-9150000991,296546131054,"260, MG Road",Pune,Maharashtra,3,
9,Reena Rathore,+91-7656439677,939124570476,"83, Model Colony",Kochi,Kerala,35,
10,Mohit Qureshi,+91-9572447412,638263151675,"10, MG Road",Patna,Bihar,37,
11,Kirti Sinha,+91-8028439863,362241791770,"291, MG Road",Patna,Bihar,38,
12,Ashok Sheikh,+91-9287955558,240728187316,"66, Sector 12",Kochi,Kerala,35,
13,Tarun Reddy,+91-9605301030,931244947195,"374, Station Road",Bengaluru,Karnataka,18,
14,Abhay Rathore,+91-8881625505,670799496139,"232, MG Road",Chennai,Tamil Nadu,22,
15,Karan Menon,+91-7090341465,708117155426,"118, Model Colony",Mumbai,Maharashtra,11,
16,Pooja Mehta,+91-9710566582,349360964064,"35, MG Road",Mumbai,Maharashtra,12,
17,Reena Trivedi,+91-8022222125,835635458363,"249, Station Road",Mumbai,Maharashtra,12,
18,Bhavna Nair,+91-8043665192,623060957599,"209, Station Road",Lucknow,Uttar Pradesh,32,
19,Rohit Sharma,+91-8521696479,552790822417,"240, MG Road",Bhopal,Madhya Pradesh,30,
20,Rajat Sharma,+91-8457293575,371052246567,"99, Station Road",Pune,Maharashtra,9,
21,Bhavna Chopra,+91-7788075126,608002483225,"128, MG Road",Nagpur,Maharashtra,14,
22,Anita Arora,+91-9800940984,696997372373,"8, MG Road",Mumbai,Maharashtra,4,
23,Kirti Kapoor,+91-9085812759,333995652670,"206, MG Road",Nagpur,Maharashtra,14,
24,Priya Chatterjee,+91-8139038460,962972824015,"233, Church Street",Pune,Maharashtra,9,
25,Vishal Arora,+91-7664847319,422938152332,"112, MG Road",Bhopal,Madhya Pradesh,30,
26,Naveen Bhatia,+91-7245522987,740165486786,"245, Model Colony",Pune,Maharashtra,3,
27,Ankit Qureshi,+91-9181106786,173812556182,"305, MG Road",Nagpur,Maharashtra,13,
28,Rajat Kapoor,+91-9446737272,736712646676,"305, MG Road",Chennai,Tamil Nadu,21,
29,Yogesh Bhandari,+91-8119980130,835316694200,"367, Church Street",Chennai,Tamil Nadu,22,
30,Karan Joshi,+91-9884887548,429189919272,"235, Church Street",Chennai,Tamil Nadu,21,
31,Kirti Kulkarni,+91-9667858669,722763619778,"52, MG Road",Pune,Maharashtra,9,
32,Bhavna Bose,+91-7568896616,486260407870,"36, Station Road",Jaipur,Rajasthan,25,
33,Gaurav Pillai,+91-9333103372,433734162755,"314, Model Colony",Nagpur,Maharashtra,14,
34,Arjun Arora,+91-7444900634,388339584783,"60, MG Road",Bengaluru,Karnataka,18,
35,Siddharth Arora,+91-8210133979,330230991019,"368, Church Street",Nagpur,Maharashtra,14,
36,Vivek Joshi,+91-8078557553,159468562624,"48, Sector 12",Jaipur,Rajasthan,25,
37,Imran Desai,+91-8432614422,245045852621,"327, Church Street",Pune,Maharashtra,1,
38,Priya Chopra,+91-8836901321,110999011248,"58, MG Road",Jaipur,Rajasthan,26,
39,Vikas Gupta,+91-8585770584,708092248272,"76, Sector 12",Jaipur,Rajasthan,8,
40,Neha Rana,+91-7171347175,494702875840,"108, Station Road",Bengaluru,Karnataka,17,
41,Nandini Sharma,+91-8745377599,782787430916,"384, Station Road",Hyderabad,Telangana,20,
42,Reena Reddy,+91-8770791023,293379984954,"378, Church Street",Chandigarh,Punjab,33,
43,Ayesha Pandey,+91-8145921803,963972176017,"360, MG Road",Chandigarh,Punjab,33,
44,Sneha Rana,+91-7955345537,998505323632,"236, Church Street",Kochi,Kerala,36,
45,Aditya Menon,+91-9834820954,538916150327,"169, Church Street",New Delhi,Delhi,7,
46,Reena Kulkarni,+91-8508161137,661100891573,"205, Model Colony",Chandigarh,Punjab,34,
47,Manoj Iyer,+91-7766942939,391987126394,"20, MG Road",Mumbai,Maharashtra,11,
48,Preeti Saxena,+91-8347233823,767594228337,"262, MG Road",Hyderabad,Telangana,20,
49,Sneha Kaur,+91-7190638698,579785579472,"1, Model Colony",New Delhi,Delhi,15,
50,Kirti Bhatia,+91-8564319318,174866852259,"341, Church Street",Bhopal,Madhya Pradesh,29,
51,Yogesh Shah,+91-8289874320,441480490974,"342, Sector 12",Bhopal,Madhya Pradesh,29,
52,Ritu Naidu,+91-9381183483,311000094454,"216, Sector 12",Lucknow,Uttar Pradesh,32,
53,Rajat Chauhan,+91-8744079573,430714225291,"147, Station Road",Ahmedabad,Gujarat,28,
54,Vishal Grewal,+91-8997109065,587228760932,"346, Station Road",Ahmedabad,Gujarat,28,
55,Shreya Khan,+91-9829742424,409601839368,"264, Model Colony",Chandigarh,Punjab,33,
56,Manoj Bhandari,+91-9889635392,346146377317,"102, Station Road",Kochi,Kerala,35,
57,Suresh Rana,+91-9625401719,945463185629,"38, Sector 12",New Delhi,Delhi,15,
58,Rekha Kaur,+91-9990818727,642815054262,"205, Station Road",New Delhi,Delhi,16,
59,Sanjay Mehta,+91-8825989011,294213443847,"357, Model Colony",Patna,Bihar,37,
60,Rajesh Oberoi,+91-7521231222,247989376703,"238, Model Colony",Jaipur,Rajasthan,8,
61,Tarun Solanki,+91-9631321682,893774408754,"259, Sector 12",Hyderabad,Telangana,19,
62,Imran Arora,+91-9038711176,385400876441,"385, Station Road",Kolkata,West Bengal,23,
63,Alok Kapoor,+91-7332788471,416597264475,"121, Church Street",Bengaluru,Karnataka,17,
64,Manoj Shah,+91-7594312071,354050883222,"197, Station Road",Patna,Bihar,37,
65,Abhay Bose,+91-8750625978,694126611586,"239, Sector 12",Mumbai,Maharashtra,11,
66,Vikram Bose,+91-8672790155,949994808961,"300, MG Road",Kochi,Kerala,36,
67,Salim Kaur,+91-7025323460,490596101232,"153, Sector 12",Chennai,Tamil Nadu,22,
68,Salim Pandey,+91-9345620385,764860371203,"113, Sector 12",Jaipur,Rajasthan,26,
69,Pooja Desai,+91-7124660666,471037316428,"343, Sector 12",Chennai,Tamil Nadu,22,
70,Tanvi Reddy,+91-7548157187,787111968895,"274, MG Road",Kochi,Kerala,36,
71,Ankit Naidu,+91-7360551585,570912023998,"70, Sector 12",Ahmedabad,Gujarat,27,
72,Rahul Oberoi,+91-8405969000,599125280348,"168, Church Street",Bengaluru,Karnataka,17,
73,Ira Chatterjee,+91-8083497965,189485261008,"241, MG Road",Bengaluru,Karnataka,17,
74,Siddharth Bhatia,+91-7963026855,175806791671,"400, MG Road",Pune,Maharashtra,3,
75,Ira Iyer,+91-7087531510,270172340877,"123, Station Road",New Delhi,Delhi,7,
76,Kiran Verma,+91-8997305752,382177053424,"393, Church Street",Ahmedabad,Gujarat,27,
77,Priya Solanki,+91-7703368777,443445860556,"56, Model Colony",Ahmedabad,Gujarat,27,
78,Suresh Rathore,+91-8703617827,890022600581,"102, MG Road",Ahmedabad,Gujarat,28,
79,Naveen Kapoor,+91-8295287749,855271258456,"308, MG Road",Mumbai,Maharashtra,12,
80,Ayesha Kaur,+91-8491228808,570439558680,"339, Church Street",Chandigarh,Punjab,33,
